{
  "data": {
    "02ed37ea-ceb3-e6e5-fc3b-2b0d92eca934": {
      "direction": {
        "horizon_0": {
          "0.0": 0.418323
        },
        "overall": {
          "max": 0.418323,
          "mean": 0.418323,
          "min": 0.418323
        }
      },
      "driver_name": "Diesel in America",
      "importance": {
        "horizon_1": {
          "0.0": 100.0
        },
        "horizon_2": {
          "0.0": 100.0
        },
        "horizon_3": {
          "0.0": 100.0
        },
        "overall": {
          "max": 100.0,
          "mean": 100.0,
          "min": 100.0
        }
      },
      "pearson_correlation": {
        "lag_1": 0.373933,
        "lag_2": 0.301156,
        "lag_3": 0.2256,
        "overall": {
          "max": 0.373933,
          "mean": 0.30023,
          "min": 0.2256
        }
      }
    },
    "04dc5bfb-85ba-ea0f-fac7-4303582661a7": {
      "direction": {
        "horizon_1": {
          "6.0": 0.585662
        },
        "horizon_2": {
          "6.0": 0.585662
        },
        "horizon_3": {
          "6.0": 0.585662
        },
        "overall": {
          "max": 0.585662,
          "mean": 0.585662,
          "min": 0.585662
        }
      },
      "driver_name": "Industry, manufacturing - United States of America",
      "importance": {
        "horizon_1": {
          "6.0": 88.559071
        },
        "horizon_2": {
          "6.0": 88.559071
        },
        "horizon_3": {
          "6.0": 88.559071
        },
        "overall": {
          "max": 88.559071,
          "mean": 88.559071,
          "min": 88.559071
        }
      },
      "pearson_correlation": {
        "lag_1": 0.636927,
        "lag_2": 0.645505,
        "lag_3": 0.641167,
        "overall": {
          "max": 0.645505,
          "mean": 0.6412,
          "min": 0.636927
        }
      }
    },
    "058ac901-53f8-e9f6-c6d0-26d0f884ade5": {
      "direction": {
        "horizon_0": {
          "0.0": 0.635377
        },
        "overall": {
          "max": 0.635377,
          "mean": 0.635377,
          "min": 0.635377
        }
      },
      "driver_name": "Energy - United States of America",
      "importance": {
        "horizon_1": {
          "0.0": 0.0
        },
        "horizon_2": {
          "0.0": 0.0
        },
        "horizon_3": {
          "0.0": 0.0
        },
        "overall": {
          "max": 0.0,
          "mean": 0.0,
          "min": 0.0
        }
      },
      "pearson_correlation": {
        "lag_1": 0.63403,
        "lag_2": 0.641828,
        "lag_3": 0.639187,
        "overall": {
          "max": 0.641828,
          "mean": 0.638348,
          "min": 0.63403
        }
      }
    },
    "0d233b45-ffb2-10b4-33a3-ddb1f2f10985": {
      "direction": {
        "horizon_1": {
          "3.0": 0.848965
        },
        "horizon_2": {
          "3.0": 0.848965
        },
        "horizon_3": {
          "3.0": 0.848965
        },
        "overall": {
          "max": 0.848965,
          "mean": 0.848965,
          "min": 0.848965
        }
      },
      "driver_name": "Energy - United States of America",
      "importance": {
        "horizon_1": {
          "3.0": 0.0
        },
        "horizon_2": {
          "3.0": 0.0
        },
        "horizon_3": {
          "3.0": 0.0
        },
        "overall": {
          "max": 0.0,
          "mean": 0.0,
          "min": 0.0
        }
      },
      "pearson_correlation": {
        "lag_1": 0.835587,
        "lag_2": 0.845568,
        "lag_3": 0.848965,
        "overall": {
          "max": 0.848965,
          "mean": 0.843373,
          "min": 0.835587
        }
      }
    },
    "1dfe0622-8f13-2db5-f98b-a2b8cde9d7b9": {
      "direction": {
        "horizon_1": {
          "1.0": 0.577382
        },
        "horizon_2": {
          "1.0": 0.577382
        },
        "horizon_3": {
          "1.0": 0.577382
        },
        "overall": {
          "max": 0.577382,
          "mean": 0.577382,
          "min": 0.577382
        }
      },
      "driver_name": "Energy - United States of America",
      "importance": {
        "horizon_1": {
          "1.0": 0.0
        },
        "horizon_2": {
          "1.0": 0.0
        },
        "horizon_3": {
          "1.0": 0.0
        },
        "overall": {
          "max": 0.0,
          "mean": 0.0,
          "min": 0.0
        }
      },
      "pearson_correlation": {
        "lag_1": 0.577382,
        "lag_2": 0.574733,
        "lag_3": 0.583278,
        "overall": {
          "max": 0.583278,
          "mean": 0.578464,
          "min": 0.574733
        }
      }
    },
    "2656f3be-181a-6330-bb40-c253f90175f4": {
      "direction": {
        "horizon_1": {
          "1.0": 0.858054
        },
        "horizon_2": {
          "1.0": 0.858054
        },
        "horizon_3": {
          "1.0": 0.858054
        },
        "overall": {
          "max": 0.858054,
          "mean": 0.858054,
          "min": 0.858054
        }
      },
      "driver_name": "Energy - United States of America",
      "importance": {
        "horizon_1": {
          "1.0": 81.922465
        },
        "horizon_2": {
          "1.0": 81.922465
        },
        "horizon_3": {
          "1.0": 81.922465
        },
        "overall": {
          "max": 81.922465,
          "mean": 81.922465,
          "min": 81.922465
        }
      },
      "pearson_correlation": {
        "lag_1": 0.858054,
        "lag_2": 0.845087,
        "lag_3": 0.83031,
        "overall": {
          "max": 0.858054,
          "mean": 0.844484,
          "min": 0.83031
        }
      }
    },
    "28b729df-5c8a-3474-70b9-0de613801b8b": {
      "direction": {
        "horizon_0": {
          "0.0": 0.327485
        },
        "overall": {
          "max": 0.327485,
          "mean": 0.327485,
          "min": 0.327485
        }
      },
      "driver_name": "Global risk - World",
      "importance": {
        "horizon_1": {
          "0.0": 99.149903
        },
        "horizon_2": {
          "0.0": 99.149903
        },
        "horizon_3": {
          "0.0": 99.149903
        },
        "overall": {
          "max": 99.149903,
          "mean": 99.149903,
          "min": 99.149903
        }
      },
      "pearson_correlation": {
        "lag_1": 0.235284,
        "lag_2": 0.225791,
        "lag_3": 0.243411,
        "overall": {
          "max": 0.243411,
          "mean": 0.234829,
          "min": 0.225791
        }
      }
    },
    "54e919e2-e24c-f1d8-2da4-b1f508d2ff21": {
      "direction": {
        "horizon_1": {
          "6.0": 0.831578
        },
        "horizon_2": {
          "6.0": 0.831578
        },
        "horizon_3": {
          "6.0": 0.831578
        },
        "overall": {
          "max": 0.831578,
          "mean": 0.831578,
          "min": 0.831578
        }
      },
      "driver_name": "Energy - United States of America",
      "importance": {
        "horizon_1": {
          "6.0": 0.0
        },
        "horizon_2": {
          "6.0": 0.0
        },
        "horizon_3": {
          "6.0": 0.0
        },
        "overall": {
          "max": 0.0,
          "mean": 0.0,
          "min": 0.0
        }
      },
      "pearson_correlation": {
        "lag_1": 0.868124,
        "lag_2": 0.871981,
        "lag_3": 0.86316,
        "overall": {
          "max": 0.871981,
          "mean": 0.867755,
          "min": 0.86316
        }
      }
    },
    "5a0fa1af-a3b0-1eea-7f0f-d63149d23a0b": {
      "direction": {
        "horizon_1": {
          "6.0": 0.774902
        },
        "horizon_2": {
          "6.0": 0.774902
        },
        "horizon_3": {
          "6.0": 0.774902
        },
        "overall": {
          "max": 0.774902,
          "mean": 0.774902,
          "min": 0.774902
        }
      },
      "driver_name": "Industry, manufacturing - United States of America",
      "importance": {
        "horizon_1": {
          "6.0": 0.0
        },
        "horizon_2": {
          "6.0": 0.0
        },