{
  "data": {
    "04dc5bfb-85ba-ea0f-fac7-4303582661a7": {
      "direction": {
        "horizon_1": {
          "6.0": 0.585662
        },
        "horizon_2": {
          "6.0": 0.585662
        },
        "horizon_3": {
          "6.0": 0.585662
        },
        "overall": {
          "max": 0.585662,
          "mean": 0.585662,
          "min": 0.585662
        }
      },
      "driver_name": "Industry, manufacturing - United States of America",
      "importance": {
        "horizon_1": {
          "6.0": 89.318364
        },
        "horizon_2": {
          "6.0": 89.318364
        },
        "horizon_3": {
          "6.0": 89.318364
        },
        "overall": {
          "max": 89.318364,
          "mean": 89.318364,
          "min": 89.318364
        }
      },
      "pearson_correlation": {
        "lag_1": 0.636927,
        "lag_2": 0.645505,
        "lag_3": 0.641167,
        "overall": {
          "max": 0.645505,
          "mean": 0.6412,
          "min": 0.636927
        }
      }
    },
    "1dfe0622-8f13-2db5-f98b-a2b8cde9d7b9": {
      "direction": {
        "horizon_1": {
          "1.0": 0.577382
        },
        "horizon_2": {
          "1.0": 0.577382
        },
        "horizon_3": {
          "1.0": 0.577382
        },
        "overall": {
          "max": 0.577382,
          "mean": 0.577382,
          "min": 0.577382
        }
      },
      "driver_name": "Energy - United States of America",
      "importance": {
        "horizon_1": {
          "1.0": 0.0
        },
        "horizon_2": {
          "1.0": 0.0
        },
        "horizon_3": {
          "1.0": 0.0
        },
        "overall": {
          "max": 0.0,
          "mean": 0.0,
          "min": 0.0
        }
      },
      "pearson_correlation": {
        "lag_1": 0.577382,
        "lag_2": 0.574733,
        "lag_3": 0.583278,
        "overall": {
          "max": 0.583278,
          "mean": 0.578464,
          "min": 0.574733
        }
      }
    },
    "2656f3be-181a-6330-bb40-c253f90175f4": {
      "direction": {
        "horizon_1": {
          "1.0": 0.858054
        },
        "horizon_2": {
          "1.0": 0.858054
        },
        "horizon_3": {
          "1.0": 0.858054
        },
        "overall": {
          "max": 0.858054,
          "mean": 0.858054,
          "min": 0.858054
        }
      },
      "driver_name": "Energy - United States of America",
      "importance": {
        "horizon_1": {
          "1.0": 82.624857
        },
        "horizon_2": {
          "1.0": 82.624857
        },
        "horizon_3": {
          "1.0": 82.624857
        },
        "overall": {
          "max": 82.624857,
          "mean": 82.624857,
          "min": 82.624857
        }
      },
      "pearson_correlation": {
        "lag_1": 0.858054,
        "lag_2": 0.845087,
        "lag_3": 0.83031,
        "overall": {
          "max": 0.858054,
          "mean": 0.844484,
          "min": 0.83031
        }
      }
    },
    "28b729df-5c8a-3474-70b9-0de613801b8b": {
      "direction": {
        "horizon_0": {
          "0.0": 0.327485
        },
        "overall": {
          "max": 0.327485,
          "mean": 0.327485,
          "min": 0.327485
        }
      },
      "driver_name": "Global risk - World",
      "importance": {
        "horizon_1": {
          "0.0": 100.0
        },
        "horizon_2": {
          "0.0": 100.0
        },
        "horizon_3": {
          "0.0": 100.0
        },
        "overall": {
          "max": 100.0,
          "mean": 100.0,
          "min": 100.0
        }
      },
      "pearson_correlation": {
        "lag_1": 0.235284,
        "lag_2": 0.225791,
        "lag_3": 0.243411,
        "overall": {
          "max": 0.243411,
          "mean": 0.234829,
          "min": 0.225791
        }
      }
    },
    "4eb36f01-2855-ee01-6cdb-de3b63adf01d": {
      "direction": {
        "horizon_1": {
          "6.0": 0.767167
        },
        "horizon_2": {
          "6.0": 0.767167
        },
        "horizon_3": {
          "6.0": 0.767167
        },
        "overall": {
          "max": 0.767167,
          "mean": 0.767167,
          "min": 0.767167
        }
      },
      "driver_name": "PPI by commodity group and industry, covering both goods and services inputs.",
      "importance": {
        "horizon_1": {
          "6.0": 0.0
        },
        "horizon_2": {
          "6.0": 0.0
        },
        "horizon_3": {
          "6.0": 0.0
        },
        "overall": {
          "max": 0.0,
          "mean": 0.0,
          "min": 0.0
        }
      },
      "pearson_correlation": {
        "lag_1": 0.766239,
        "lag_2": 0.760027,
        "lag_3": 0.760133,
        "overall": {
          "max": 0.766239,
          "mean": 0.762133,
          "min": 0.760027
        }
      }
    },
    "54e919e2-e24c-f1d8-2da4-b1f508d2ff21": {
      "direction": {
        "horizon_1": {
          "6.0": 0.831578
        },
        "horizon_2": {
          "6.0": 0.831578
        },
        "horizon_3": {
          "6.0": 0.831578
        },
        "overall": {
          "max": 0.831578,
          "mean": 0.831578,
          "min": 0.831578
        }
      },
      "driver_name": "Energy - United States of America",
      "importance": {
        "horizon_1": {
          "6.0": 0.0
        },
        "horizon_2": {
          "6.0": 0.0
        },
        "horizon_3": {
          "6.0": 0.0
        },
        "overall": {
          "max": 0.0,
          "mean": 0.0,
          "min": 0.0
        }
      },
      "pearson_correlation": {
        "lag_1": 0.868124,
        "lag_2": 0.871981,
        "lag_3": 0.86316,
        "overall": {
          "max": 0.871981,
          "mean": 0.867755,
          "min": 0.86316
        }
      }
    },
    "87eabe00-0e3f-17ba-5155-7b34adc338dc": {
      "direction": {
        "horizon_0": {
          "0.0": 0.742242
        },
        "overall": {
          "max": 0.742242,
          "mean": 0.742242,
          "min": 0.742242
        }
      },
      "driver_name": "PPI by commodity group and industry, covering both goods and services inputs.",
      "importance": {
        "horizon_1": {
          "0.0": 0.0
        },
        "horizon_2": {
          "0.0": 0.0
        },
        "horizon_3": {
          "0.0": 0.0
        },
        "overall": {
          "max": 0.0,
          "mean": 0.0,
          "min": 0.0
        }
      },
      "pearson_correlation": {
        "lag_1": 0.730858,
        "lag_2": 0.726822,
        "lag_3": 0.727979,
        "overall": {
          "max": 0.730858,
          "mean": 0.728553,
          "min": 0.726822
        }
      }
    },
    "8f82f760-9d9f-2b6f-8c29-58ab7bac6a65": {
      "direction": {
        "horizon_1": {
          "3.0": 0.775327
        },
        "horizon_2": {
          "3.0": 0.775327
        },
        "horizon_3": {
          "3.0": 0.775327
        },
        "overall": {
          "max": 0.775327,
          "mean": 0.775327,
          "min": 0.775327
        }
      },
      "driver_name": "Services - United States of America",
      "importance": {
        "horizon_1": {
          "3.0": 0.0
        },
        "horizon_2": {
          "3.0": 0.0
        },
        "horizon_3": {
          "3.0": 0.0
        },
        "overall": {
          "max": 0.0,
          "mean": 0.0,
          "min": 0.0
        }
      },
      "pearson_correlation": {
        "lag_1": 0.768174,
        "lag_2": 0.776252,
        "lag_3": 0.775327,
        "overall": {
          "max": 0.776252,
          "mean": 0.773251,
          "min": 0.768174
        }
      }
    },
    "a5660a37-5f02-88d1-af38-ff833d628039": {
      "direction": {
        "horizon_1": {
          "6.0": 0.790664
        },
        "horizon_2": {
          "6.0": 0.790664
        },
        "horizon_3": {
          "6.0": 0.790664
        },
        "overall": {
          "max": 0.790664,
          "mean": 0.790664,
          "min": 0.790664
        }
      },