{
  "data": {
    "058ac901-53f8-e9f6-c6d0-26d0f884ade5": {
      "direction": {
        "horizon_0": {
          "0.0": 0.635377
        },
        "overall": {
          "max": 0.635377,
          "mean": 0.635377,
          "min": 0.635377
        }
      },
      "driver_name": "Energy - United States of America",
      "importance": {
        "horizon_1": {
          "0.0": 0.0
        },
        "horizon_2": {
          "0.0": 0.0
        },
        "horizon_3": {
          "0.0": 0.0
        },
        "overall": {
          "max": 0.0,
          "mean": 0.0,
          "min": 0.0
        }
      },
      "pearson_correlation": {
        "lag_1": 0.63403,
        "lag_2": 0.641828,
        "lag_3": 0.639187,
        "overall": {
          "max": 0.641828,
          "mean": 0.638348,
          "min": 0.63403
        }
      }
    },
    "1dfe0622-8f13-2db5-f98b-a2b8cde9d7b9": {
      "direction": {
        "horizon_1": {
          "1.0": 0.577382
        },
        "horizon_2": {
          "1.0": 0.577382
        },
        "horizon_3": {
          "1.0": 0.577382
        },
        "overall": {
          "max": 0.577382,
          "mean": 0.577382,
          "min": 0.577382
        }
      },
      "driver_name": "Energy - United States of America",
      "importance": {
        "horizon_1": {
          "1.0": 0.0
        },
        "horizon_2": {
          "1.0": 0.0
        },
        "horizon_3": {
          "1.0": 0.0
        },
        "overall": {
          "max": 0.0,
          "mean": 0.0,
          "min": 0.0
        }
      },
      "pearson_correlation": {
        "lag_1": 0.577382,
        "lag_2": 0.574733,
        "lag_3": 0.583278,
        "overall": {
          "max": 0.583278,
          "mean": 0.578464,
          "min": 0.574733
        }
      }
    },
    "2656f3be-181a-6330-bb40-c253f90175f4": {
      "direction": {
        "horizon_1": {
          "1.0": 0.858054
        },
        "horizon_2": {
          "1.0": 0.858054
        },
        "horizon_3": {
          "1.0": 0.858054
        },
        "overall": {
          "max": 0.858054,
          "mean": 0.858054,
          "min": 0.858054
        }
      },
      "driver_name": "Energy - United States of America",
      "importance": {
        "horizon_1": {
          "1.0": 82.610249
        },
        "horizon_2": {
          "1.0": 82.610249
        },
        "horizon_3": {
          "1.0": 82.610249
        },
        "overall": {
          "max": 82.610249,
          "mean": 82.610249,
          "min": 82.610249
        }
      },
      "pearson_correlation": {
        "lag_1": 0.858054,
        "lag_2": 0.845087,
        "lag_3": 0.83031,
        "overall": {
          "max": 0.858054,
          "mean": 0.844484,
          "min": 0.83031
        }
      }
    },
    "28b729df-5c8a-3474-70b9-0de613801b8b": {
      "direction": {
        "horizon_0": {
          "0.0": 0.327485
        },
        "overall": {
          "max": 0.327485,
          "mean": 0.327485,
          "min": 0.327485
        }
      },
      "driver_name": "Global risk - World",
      "importance": {
        "horizon_1": {
          "0.0": 99.98232
        },
        "horizon_2": {
          "0.0": 99.98232
        },
        "horizon_3": {
          "0.0": 99.98232
        },
        "overall": {
          "max": 99.98232,
          "mean": 99.98232,
          "min": 99.98232
        }
      },
      "pearson_correlation": {
        "lag_1": 0.235284,
        "lag_2": 0.225791,
        "lag_3": 0.243411,
        "overall": {
          "max": 0.243411,
          "mean": 0.234829,
          "min": 0.225791
        }
      }
    },
    "54e919e2-e24c-f1d8-2da4-b1f508d2ff21": {
      "direction": {
        "horizon_1": {
          "6.0": 0.831578
        },
        "horizon_2": {
          "6.0": 0.831578
        },
        "horizon_3": {
          "6.0": 0.831578
        },
        "overall": {
          "max": 0.831578,
          "mean": 0.831578,
          "min": 0.831578
        }
      },
      "driver_name": "Energy - United States of America",
      "importance": {
        "horizon_1": {
          "6.0": 0.0
        },
        "horizon_2": {
          "6.0": 0.0
        },
        "horizon_3": {
          "6.0": 0.0
        },
        "overall": {
          "max": 0.0,
          "mean": 0.0,
          "min": 0.0
        }
      },
      "pearson_correlation": {
        "lag_1": 0.868124,
        "lag_2": 0.871981,
        "lag_3": 0.86316,
        "overall": {
          "max": 0.871981,
          "mean": 0.867755,
          "min": 0.86316
        }
      }
    },
    "55d42dd0-333a-f268-3f9b-e369353ac051": {
      "direction": {
        "horizon_0": {
          "0.0": 0.467022
        },
        "overall": {
          "max": 0.467022,
          "mean": 0.467022,
          "min": 0.467022
        }
      },
      "driver_name": "Equities - World",
      "importance": {
        "horizon_1": {
          "0.0": 98.569845
        },
        "horizon_2": {
          "0.0": 98.569845
        },
        "horizon_3": {
          "0.0": 98.569845
        },
        "overall": {
          "max": 98.569845,
          "mean": 98.569845,
          "min": 98.569845
        }
      },
      "pearson_correlation": {
        "lag_1": 0.488945,
        "lag_2": 0.496437,
        "lag_3": 0.49423,
        "overall": {
          "max": 0.496437,
          "mean": 0.493204,
          "min": 0.488945
        }
      }
    },
    "676bac7f-b335-b34f-9213-b940c3b1c476": {
      "direction": {
        "horizon_1": {
          "3.0": 0.287877
        },
        "horizon_2": {
          "3.0": 0.287877
        },
        "horizon_3": {
          "3.0": 0.287877
        },
        "overall": {
          "max": 0.287877,
          "mean": 0.287877,
          "min": 0.287877
        }
      },
      "driver_name": "Equities - World",
      "importance": {
        "horizon_1": {
          "3.0": 0.0
        },
        "horizon_2": {
          "3.0": 0.0
        },
        "horizon_3": {
          "3.0": 0.0
        },
        "overall": {
          "max": 0.0,
          "mean": 0.0,
          "min": 0.0
        }
      },
      "pearson_correlation": {
        "lag_1": 0.260129,
        "lag_2": 0.270678,
        "lag_3": 0.287877,
        "overall": {
          "max": 0.287877,
          "mean": 0.272895,
          "min": 0.260129
        }
      }
    },
    "87c8e86e-a16e-7b2d-11c5-3d8a8f0584a1": {
      "direction": {
        "horizon_0": {
          "0.0": 0.832831
        },
        "overall": {
          "max": 0.832831,
          "mean": 0.832831,
          "min": 0.832831
        }
      },
      "driver_name": "Equities - World",
      "importance": {
        "horizon_1": {
          "0.0": 0.0
        },
        "horizon_2": {
          "0.0": 0.0
        },
        "horizon_3": {
          "0.0": 0.0
        },
        "overall": {
          "max": 0.0,
          "mean": 0.0,
          "min": 0.0
        }
      },
      "pearson_correlation": {
        "lag_1": 0.84224,
        "lag_2": 0.845023,
        "lag_3": 0.84146,
        "overall": {
          "max": 0.845023,
          "mean": 0.842908,
          "min": 0.84146
        }
      }
    },
    "8f82f760-9d9f-2b6f-8c29-58ab7bac6a65": {
      "direction": {
        "horizon_1": {
          "3.0": 0.775327
        },
        "horizon_2": {
          "3.0": 0.775327
        },
        "horizon_3": {
          "3.0": 0.775327
        },
        "overall": {
          "max": 0.775327,
          "mean": 0.775327,
          "min": 0.775327
        }
      },
      "driver_name": "Services - United States of America",
      "importance": {
        "horizon_1": {
          "3.0": 0.0
        },
        "horizon_2": {
          "3.0": 0.0
        },
        "horizon_3": {
          "3.0": 0.0
        },
        "overall": {
          "max": 0.0,
          "mean": 0.0,
          "min": 0.0
        }
      },